Localtime,MD,InstrumentID,TradingDay,ActionDay,UpdateTime,UpdateMillisec,LastPrice,Volume,LastVolume,Turnover,LastTurnover,AskPrice5,AskPrice4,AskPrice3,AskPrice2,AskPrice1,BidPrice1,BidPrice2,BidPrice3,BidPrice4,BidPrice5,AskVolume5,AskVolume4,AskVolume3,AskVolume2,AskVolume1,BidVolume1,BidVolume2,BidVolume3,BidVolume4,BidVolume5,OpenInterest,UpperLimitPrice,LowerLimitPrice
20231201_21:00:20,IMMSG,pb2410,20231204,20231201,21:00:20,0,15830.000,0,0,0.000,0.000,16055.000,16020.000,15955.000,15950.000,15945.000,15520.000,15515.000,15510.000,15505.000,15490.000,1,2,3,4,2,5,1,1,2,2,33.000,16775.000,14880.000
20231201_21:00:20,IMMSG,pb2411,20231204,20231201,21:00:20,0,15810.000,0,0,0.000,0.000,16035.000,16015.000,15965.000,15960.000,15955.000,15500.000,15495.000,15490.000,15485.000,15455.000,1,2,1,3,4,3,1,1,4,1,62.000,16850.000,14945.000
20231201_21:00:20,IMMSG,rb2312,20231204,20231201,21:00:20,0,3900.000,120,0,4680000.000,0.000,0.000,0.000,4020.000,3966.000,3965.000,3791.000,3790.000,3782.000,3724.000,3721.000,0,0,30,30,30,30,30,30,30,30,780.000,4057.000,3670.000
20231201_21:00:20,IMMSG,rb2401,20231204,20231201,21:00:20,0,3921.000,13174,40,517183520.000,1568400.000,3925.000,3924.000,3923.000,3922.000,3921.000,3920.000,3919.000,3918.000,3917.000,3916.000,236,562,228,211,11,296,54,178,410,146,758858.000,4112.000,3721.000
20231201_21:00:20,IMMSG,rb2403,20231204,20231201,21:00:20,0,3933.000,12385,2,487709170.000,78650.000,3937.000,3936.000,3935.000,3934.000,3933.000,3932.000,3931.000,3930.000,3929.000,3928.000,2,15,11,9,22,17,14,106,9,38,980164.000,4126.000,3733.000
20231201_21:00:20,IMMSG,rb2405,20231204,20231201,21:00:20,0,3960.000,5963,80,236501020.000,3168900.000,3966.000,3965.000,3964.000,3963.000,3962.000,3960.000,3959.000,3958.000,3957.000,3956.000,76,97,9,38,834,1019,154,424,97,62,1140455.000,4152.000,3757.000
20231201_21:00:20,IMMSG,rb2407,20231204,20231201,21:00:20,0,3978.000,1012,0,40328050.000,0.000,3997.000,3993.000,3990.000,3984.000,3983.000,3979.000,3978.000,3976.000,3975.000,3973.000,1,1,55,6,8,2,9,2,5,1,110017.000,4168.000,3771.000
20231201_21:00:20,IMMSG,rb2409,20231204,20231201,21:00:20,0,3964.000,2000,0,79280000.000,0.000,3966.000,3965.000,3964.000,3963.000,3960.000,3956.000,3949.000,3946.000,3945.000,3941.000,40,2,1,1,1,1,1,2,2,40,20120.000,4148.000,3753.000
20231201_21:00:20,IMMSG,rb2410,20231204,20231201,21:00:20,0,3941.000,87,2,3431190.000,78820.000,3952.000,3949.000,3944.000,3942.000,3941.000,3938.000,3937.000,3936.000,3935.000,3934.000,1,10,1,8,30,1,1,19,19,1,40584.000,4131.000,3738.000
20231201_21:00:20,IMMSG,ru2401,20231204,20231201,21:00:20,0,13425.000,2845,58,382266000.000,7783650.000,13445.000,13440.000,13435.000,13430.000,13425.000,13420.000,13415.000,13410.000,13405.000,13400.000,32,62,45,76,50,31,65,38,47,95,78617.000,14355.000,12730.000
20231201_21:00:20,IMMSG,ru2405,20231204,20231201,21:00:20,0,13590.000,1772,9,240845100.000,1223100.000,13610.000,13605.000,13600.000,13595.000,13590.000,13585.000,13580.000,13575.000,13570.000,13565.000,18,18,116,84,43,35,70,79,142,13,123488.000,14545.000,12900.000
20231201_21:00:20,IMMSG,ru2410,20231204,20231201,21:00:20,0,13770.000,0,0,0.000,0.000,13805.000,13790.000,13785.000,13780.000,13775.000,13745.000,13695.000,13580.000,13550.000,13405.000,8,1,4,2,1,1,1,1,1,1,86.000,14775.000,13100.000
20231201_21:00:20,IMMSG,ru2411,20231204,20231201,21:00:20,0,13790.000,0,0,0.000,0.000,13840.000,13835.000,13825.000,13820.000,13815.000,13780.000,13775.000,13710.000,13655.000,13620.000,2,4,7,1,2,3,6,1,1,1,44.000,14675.000,13010.000
20231201_21:00:20,IMMSG,sn2312,20231204,20231201,21:00:20,0,198710.000,46,0,9118220.000,0.000,198530.000,198520.000,198510.000,198460.000,198430.000,197660.000,197600.000,197590.000,197570.000,197120.000,2,2,2,2,2,2,6,2,2,18,1578.000,215650.000,176440.000
20231201_21:00:20,IMMSG,sn2401,20231204,20231201,21:00:20,0,198600.000,1168,24,232233910.000,4766740.000,198800.000,198730.000,198670.000,198660.000,198630.000,198600.000,198540.000,198530.000,198520.000,198510.000,1,3,1,1,1,5,4,1,3,14,42320.000,215470.000,176300.000
20231201_21:00:20,IMMSG,sn2402,20231204,20231201,21:00:20,0,198800.000,358,1,71233310.000,198800.000,198900.000,198880.000,198810.000,198800.000,198780.000,198710.000,198700.000,198660.000,198610.000,198600.000,9,2,1,4,2,1,1,1,2,2,16876.000,215880.000,176630.000
20231201_21:00:20,IMMSG,sn2403,20231204,20231201,21:00:20,0,198850.000,86,2,17117350.000,397820.000,199130.000,199110.000,199100.000,198970.000,198960.000,198720.000,198710.000,198650.000,198640.000,198630.000,1,2,2,3,3,1,1,2,2,1,4336.000,215890.000,176640.000
20231201_21:00:20,IMMSG,sn2404,20231204,20231201,21:00:20,0,198340.000,0,0,0.000,0.000,203210.000,199520.000,199370.000,199300.000,199240.000,198820.000,198720.000,198620.000,198610.000,198600.000,1,8,1,1,1,1,3,2,3,1,207.000,216090.000,176800.000
20231201_21:00:20,IMMSG,sn2405,20231204,20231201,21:00:20,0,198850.000,305,0,60418790.000,0.000,199140.000,199130.000,199080.000,199030.000,199010.000,198710.000,198670.000,198620.000,198520.000,198500.000,1,13,1,1,1,3,3,1,3,1,1609.000,215610.000,176400.000
20231201_21:00:20,IMMSG,sn2406,20231204,20231201,21:00:20,0,196880.000,0,0,0.000,0.000,202520.000,199970.000,199600.000,199590.000,199440.000,198670.000,198570.000,198450.000,194640.000,194290.000,5,2,1,2,1,4,1,1,1,1,69.000,216950.000,177500.000
20231201_21:00:20,IMMSG,sn2407,20231204,20231201,21:00:20,0,199010.000,0,0,0.000,0.000,200080.000,199960.000,199920.000,199820.000,199370.000,198880.000,198860.000,198570.000,198550.000,195580.000,1,1,2,2,1,3,1,1,1,1,294.000,217480.000,177930.000
20231201_21:00:20,IMMSG,sn2408,20231204,20231201,21:00:20,0,199340.000,0,0,0.000,0.000,204010.000,203720.000,199980.000,199830.000,199810.000,198880.000,198860.000,198760.000,198710.000,195710.000,1,1,1,2,3,3,2,2,5,1,398.000,219310.000,179440.000
20231201_21:00:20,IMMSG,sn2409,20231204,20231201,21:00:20,0,195670.000,0,0,0.000,0.000,204570.000,204560.000,204490.000,204480.000,204470.000,198810.000,198710.000,195790.000,194840.000,194130.000,1,3,1,1,6,2,4,1,1,1,41.000,216510.000,177140.000
20231201_21:00:20,IMMSG,sn2410,20231204,20231201,21:00:20,0,198330.000,0,0,0.000,0.000,204700.000,203940.000,203660.000,199880.000,199860.000,198860.000,198770.000,198760.000,195820.000,194660.000,1,1,1,2,4,1,1,2,1,1,9.000,218160.000,178490.000
20231201_21:00:20,IMMSG,sn2411,20231204,20231201,21:00:20,0,198660.000,0,0,0.000,0.000,204360.000,203610.000,200760.000,199980.000,199960.000,199070.000,198910.000,198830.000,198750.000,198710.000,1,1,3,2,3,1,1,2,2,2,13.000,219250.000,179380.000
20231201_21:00:20,IMMSG,sp2401,20231204,20231201,21:00:20,0,5510.000,6494,29,357893740.000,1597780.000,5518.000,5516.000,5514.000,5512.000,5510.000,5508.000,5506.000,5504.000,5502.000,5500.000,28,75,53,87,31,29,51,54,38,56,159725.000,5830.000,5170.000
20231201_21:00:20,IMMSG,sp2402,20231204,20231201,21:00:20,0,5536.000,1617,0,90310160.000,0.000,5548.000,5546.000,5542.000,5540.000,5538.000,5536.000,5534.000,5532.000,5530.000,5528.000,12,12,27,13,4,1,11,25,50,5,37522.000,5840.000,5178.000
20231201_21:00:20,IMMSG,sp2403,20231204,20231201,21:00:20,0,5552.000,1107,17,61435160.000,944160.000,5566.000,5564.000,5560.000,5558.000,5556.000,5552.000,5550.000,5548.000,5546.000,5544.000,2,4,4,41,20,12,3,13,4,4,114525.000,5880.000,5214.000
20231201_21:00:20,IMMSG,sp2404,20231204,20231201,21:00:20,0,5580.000,49,0,2733920.000,0.000,5616.000,5602.000,5600.000,5590.000,5580.000,5576.000,5574.000,5566.000,5562.000,5544.000,1,39,220,1,55,1,32,1,39,1,10961.000,5902.000,5232.000
20231201_21:00:20,IMMSG,sp2405,20231204,20231201,21:00:20,0,5596.000,2089,2,116935380.000,111920.000,5606.000,5604.000,5602.000,5600.000,5598.000,5596.000,5594.000,5592.000,5590.000,5588.000,23,15,85,28,18,6,17,27,16,24,91132.000,5924.000,5254.000
20231201_21:00:20,IMMSG,sp2406,20231204,20231201,21:00:20,0,5608.000,14,0,785340.000,0.000,5686.000,5656.000,5630.000,5628.000,5626.000,5606.000,5604.000,5600.000,5598.000,5596.000,6,1,39,1,2,2,8,3,1,39,9705.000,6084.000,5394.000
20231201_21:00:20,IMMSG,sp2407,20231204,20231201,21:00:20,0,5600.000,0,0,0.000,0.000,5702.000,5700.000,5688.000,5686.000,5636.000,5612.000,5606.000,5604.000,5556.000,5548.000,2,6,3,4,6,3,2,2,2,1,7452.000,6016.000,5334.000
20231201_21:00:20,IMMSG,sp2408,20231204,20231201,21:00:20,0,5618.000,0,0,0.000,0.000,5712.000,5700.000,5672.000,5666.000,5648.000,5624.000,5622.000,5618.000,5566.000,5552.000,1,1,1,14,5,5,3,14,1,10,4356.000,5996.000,5318.000
20231201_21:00:20,IMMSG,sp2409,20231204,20231201,21:00:20,0,5642.000,32,0,1806360.000,0.000,5670.000,5668.000,5662.000,5658.000,5648.000,5636.000,5628.000,5626.000,5616.000,5614.000,6,1,28,1,1,21,33,2,1,1,4588.000,5994.000,5316.000
20231201_21:00:20,IMMSG,ss2312,20231204,20231201,21:00:20,0,13400.000,0,0,0.000,0.000,13750.000,13745.000,13715.000,13470.000,13450.000,13365.000,13350.000,13260.000,13210.000,12915.000,12,12,12,12,12,12,36,12,12,12,2736.000,14150.000,12805.000
20231201_21:00:20,IMMSG,ss2401,20231204,20231201,21:00:20,0,13730.000,2736,52,188052200.000,3569800.000,13750.000,13745.000,13740.000,13735.000,13730.000,13725.000,13720.000,13715.000,13710.000,13705.000,67,30,37,93,10,99,68,84,43,48,99014.000,14460.000,13085.000
20231201_21:00:20,IMMSG,ss2402,20231204,20231201,21:00:20,0,13755.000,949,18,65315225.000,1237950.000,13775.000,13770.000,13765.000,13760.000,13755.000,13750.000,13745.000,13740.000,13735.000,13730.000,30,24,19,53,7,26,39,25,32,69,56556.000,14475.000,13100.000
20231201_21:00:20,IMMSG,ss2403,20231204,20231201,21:00:20,0,13790.000,54,0,3727025.000,0.000,13835.000,13830.000,13810.000,13805.000,13800.000,13790.000,13785.000,13780.000,13775.000,13770.000,4,3,3,3,8,4,6,3,4,1,19090.000,14510.000,13125.000
20231201_21:00:20,IMMSG,ss2404,20231204,20231201,21:00:20,0,13860.000,9,0,623600.000,0.000,13865.000,13860.000,13850.000,13845.000,13835.000,13830.000,13825.000,13815.000,13810.000,13805.000,3,1,4,2,1,1,1,7,4,1,6803.000,14560.000,13175.000
20231201_21:00:20,IMMSG,ss2405,20231204,20231201,21:00:20,0,13880.000,101,5,7016875.000,347000.000,13900.000,13895.000,13890.000,13885.000,13880.000,13870.000,13865.000,13860.000,13855.000,13850.000,36,2,6,1,1,5,11,6,3,1,21163.000,14600.000,13205.000
20231201_21:00:20,IMMSG,ss2406,20231204,20231201,21:00:20,0,13900.000,0,0,0.000,0.000,14010.000,14005.000,13945.000,13925.000,13920.000,13880.000,13855.000,13735.000,13720.000,13715.000,1,1,11,2,2,1,11,1,1,1,1419.000,14600.000,13205.000
20231201_21:00:20,IMMSG,ss2408,20231204,20231201,21:00:20,0,13930.000,0,0,0.000,0.000,14185.000,14180.000,14140.000,14020.000,13985.000,13915.000,13775.000,13765.000,13760.000,13565.000,1,1,1,1,3,1,1,1,1,1,1056.000,14640.000,13245.000
20231201_21:00:20,IMMSG,ss2411,20231204,20231201,21:00:20,0,14035.000,0,0,0.000,0.000,14275.000,14145.000,14100.000,14095.000,14090.000,14005.000,14000.000,13910.000,13820.000,13810.000,1,1,2,1,1,1,3,1,1,1,116.000,14780.000,13375.000
20231201_21:00:20,IMMSG,zn2312,20231204,20231201,21:00:20,0,20770.000,15,0,1557250.000,0.000,20900.000,20890.000,20885.000,20840.000,20835.000,20825.000,20795.000,20770.000,20650.000,20605.000,20,20,5,10,5,5,5,5,25,5,10935.000,21980.000,19495.000
20231201_21:00:20,IMMSG,zn2401,20231204,20231201,21:00:20,0,20790.000,2734,23,283910000.000,2390675.000,20810.000,20805.000,20800.000,20795.000,20790.000,20785.000,20780.000,20775.000,20770.000,20765.000,63,33,49,54,7,19,41,75,34,34,92252.000,21960.000,19475.000
20231201_21:00:20,IMMSG,zn2402,20231204,20231201,21:00:20,0,20700.000,1356,9,140044575.000,931500.000,20720.000,20715.000,20710.000,20705.000,20700.000,20695.000,20690.000,20685.000,20680.000,20675.000,15,7,19,26,17,11,16,9,34,8,40799.000,21890.000,19415.000
20231201_21:00:20,IMMSG,a2407,20231204,20231201,21:00:19,649,4980.000,0,0,0.000,0.000,0.000,0.000,0.000,0.000,4993.000,4981.000,0.000,0.000,0.000,0.000,0,0,0,0,1,3,0,0,0,0,4548.000,5305.000,4705.000
20231201_21:00:20,IMMSG,bc2401,20231204,20231201,21:00:20,0,61260.000,3,0,918900.000,0.000,62170.000,61510.000,61440.000,61390.000,61250.000,61210.000,61180.000,61060.000,61040.000,60150.000,1,1,1,1,3,1,1,1,1,1,609.000,64440.000,57150.000
20231201_21:00:20,IMMSG,bc2402,20231204,20231201,21:00:20,0,61170.000,281,0,85919550.000,0.000,61210.000,61200.000,61190.000,61180.000,61170.000,61160.000,61150.000,61140.000,61130.000,61120.000,3,3,8,9,4,1,2,4,7,3,30336.000,64380.000,57090.000
20231201_21:00:20,IMMSG,bc2403,20231204,20231201,21:00:20,0,61120.000,158,0,48277000.000,0.000,61170.000,61160.000,61150.000,61140.000,61120.000,61100.000,61090.000,61080.000,61070.000,61060.000,2,10,4,1,3,1,1,2,2,1,12973.000,64320.000,57030.000
20231201_21:00:20,IMMSG,bc2405,20231204,20231201,21:00:20,0,60190.000,0,0,0.000,0.000,61490.000,61480.000,61470.000,61460.000,61450.000,60430.000,60420.000,60410.000,60400.000,59890.000,1,8,1,2,2,1,2,1,1,1,40.000,63820.000,56590.000
20231201_21:00:20,IMMSG,bc2406,20231204,20231201,21:00:20,0,60330.000,0,0,0.000,0.000,67250.000,67230.000,67200.000,62460.000,62120.000,59720.000,59250.000,53510.000,53490.000,53480.000,2,8,2,1,1,1,1,2,1,3,0.000,67560.000,53090.000
20231201_21:00:20,IMMSG,bc2409,20231204,20231201,21:00:20,0,58900.000,0,0,0.000,0.000,0.000,0.000,65930.000,62240.000,62010.000,59230.000,59030.000,51890.000,51860.000,0.000,0,0,1,1,1,1,1,1,1,0,0.000,65960.000,51830.000
20231201_21:00:20,IMMSG,bc2410,20231204,20231201,21:00:20,0,58740.000,0,0,0.000,0.000,0.000,65710.000,65420.000,62260.000,61970.000,59070.000,59050.000,51750.000,51720.000,0.000,0,1,1,1,1,1,1,1,1,0,0.000,65780.000,51690.000
20231201_21:00:20,IMMSG,bc2411,20231204,20231201,21:00:20,0,58570.000,0,0,0.000,0.000,0.000,0.000,65520.000,61950.000,61940.000,58910.000,58740.000,51600.000,51570.000,0.000,0,0,1,1,1,1,1,1,1,0,0.000,65590.000,51540.000
20231201_21:00:20,IMMSG,lu2401,20231204,20231201,21:00:20,0,4570.000,28,0,1279540.000,0.000,4612.000,4597.000,4584.000,4581.000,4577.000,4563.000,4561.000,4560.000,4552.000,4546.000,1,1,1,1,2,1,1,1,6,1,4942.000,4956.000,4221.000
20231201_21:00:20,IMMSG,lu2402,20231204,20231201,21:00:20,0,4295.000,2108,11,90370700.000,472540.000,4301.000,4300.000,4299.000,4298.000,4297.000,4295.000,4294.000,4293.000,4292.000,4291.000,7,15,4,7,5,5,14,17,11,9,29556.000,4690.000,3995.000
20231201_21:00:20,IMMSG,lu2403,20231204,20231201,21:00:20,0,4239.000,1740,16,73696190.000,678280.000,4243.000,4242.000,4241.000,4240.000,4239.000,4238.000,4237.000,4236.000,4235.000,4234.000,3,6,5,1,5,16,12,8,10,15,153497.000,4609.000,3926.000
20231201_21:00:20,IMMSG,lu2404,20231204,20231201,21:00:20,0,4173.000,45,2,1877190.000,83480.000,4195.000,4180.000,4178.000,4176.000,4175.000,4172.000,4170.000,4169.000,4165.000,4160.000,1,2,3,5,25,1,3,1,1,10,8475.000,4565.000,3888.000
20231201_21:00:20,IMMSG,lu2406,20231204,20231201,21:00:20,0,4100.000,0,0,0.000,0.000,4389.000,4238.000,4237.000,4236.000,4235.000,4037.000,3989.000,3805.000,3802.000,3794.000,3,1,1,2,1,2,1,4,1,1,16.000,4426.000,3771.000
20231201_21:00:20,IMMSG,lu2407,20231204,20231201,21:00:20,0,4074.000,0,0,0.000,0.000,4368.000,4367.000,4365.000,4166.000,4162.000,3953.000,3934.000,3779.000,0.000,0.000,1,3,1,1,2,2,1,2,0,0,6.000,4399.000,3748.000
20231201_21:00:20,IMMSG,lu2408,20231204,20231201,21:00:20,0,4004.000,0,0,0.000,0.000,4318.000,4305.000,4303.000,4152.000,4147.000,3928.000,3920.000,3705.000,0.000,0.000,1,1,3,1,2,2,1,2,0,0,8.000,4324.000,3683.000
20231201_21:00:20,IMMSG,lu2412,20231204,20231201,21:00:20,0,3980.000,0,0,0.000,0.000,0.000,0.000,4613.000,4101.000,4089.000,3794.000,3792.000,3346.000,0.000,0.000,0,0,1,1,1,1,1,1,0,0,0.000,4616.000,3343.000
20231201_21:00:20,IMMSG,nr2312,20231204,20231201,21:00:20,0,9995.000,0,0,0.000,0.000,10440.000,10320.000,10100.000,10095.000,10000.000,9895.000,9890.000,9855.000,9805.000,9800.000,10,10,50,20,10,10,10,20,20,80,940.000,10565.000,9370.000
20231201_21:00:20,IMMSG,nr2401,20231204,20231201,21:00:20,0,10155.000,1021,17,103881600.000,1726350.000,10180.000,10175.000,10170.000,10165.000,10160.000,10150.000,10145.000,10140.000,10135.000,10130.000,13,24,44,36,29,17,11,28,18,10,33570.000,10840.000,9615.000
20231201_21:00:20,IMMSG,nr2402,20231204,20231201,21:00:20,0,10320.000,704,0,72781700.000,0.000,10345.000,10340.000,10335.000,10330.000,10325.000,10320.000,10315.000,10310.000,10305.000,10300.000,34,11,41,32,26,11,29,32,22,16,70640.000,11030.000,9785.000
20231201_21:00:20,IMMSG,nr2403,20231204,20231201,21:00:20,0,10490.000,17,0,1785600.000,0.000,10515.000,10510.000,10505.000,10500.000,10495.000,10485.000,10480.000,10475.000,10470.000,10460.000,1,2,1,15,7,2,4,13,2,1,16621.000,11195.000,9930.000
20231201_21:00:20,IMMSG,nr2406,20231204,20231201,21:00:20,0,10860.000,0,0,0.000,0.000,11115.000,11080.000,11035.000,11030.000,11025.000,10595.000,10590.000,10565.000,10545.000,10520.000,2,1,3,1,1,1,1,1,3,2,71.000,11500.000,10195.000
20231201_21:00:20,IMMSG,nr2409,20231204,20231201,21:00:20,0,11200.000,0,0,0.000,0.000,0.000,11765.000,11485.000,11410.000,11405.000,10845.000,10835.000,10510.000,0.000,0.000,0,2,1,2,1,1,1,2,0,0,8.000,11840.000,10495.000
20231201_21:00:20,IMMSG,nr2411,20231204,20231201,21:00:20,0,11345.000,0,0,0.000,0.000,0.000,0.000,11875.000,11700.000,11685.000,10975.000,10970.000,10960.000,10795.000,0.000,0,0,2,1,1,1,1,1,3,0,1.000,12025.000,10660.000
20231201_21:00:20,IMMSG,sc2401,20231204,20231201,21:00:20,0,571.200,1403,14,801452300.000,7995400.000,571.600,571.500,571.400,571.300,571.200,571.100,571.000,570.900,570.800,570.700,3,7,6,8,9,2,8,7,21,15,35925.000,630.600,537.100
20231201_21:00:20,IMMSG,sc2402,20231204,20231201,21:00:20,0,573.900,320,7,183690900.000,4017400.000,574.300,574.200,574.100,574.000,573.900,573.800,573.700,573.600,573.500,573.400,3,6,2,4,5,3,7,7,6,8,19828.000,632.600,538.900
20231201_21:00:20,IMMSG,sc2403,20231204,20231201,21:00:20,0,575.000,402,0,230788000.000,0.000,575.600,575.400,575.300,575.200,575.100,574.800,574.700,574.500,574.400,574.300,1,3,7,2,2,1,4,1,1,2,8743.000,634.100,540.200
20231201_21:00:20,IMMSG,sc2404,20231204,20231201,21:00:20,0,574.300,2,0,1148600.000,0.000,577.200,575.500,575.400,575.200,575.100,574.200,574.100,574.000,573.900,573.800,1,1,1,1,2,1,3,5,1,2,676.000,637.300,542.800
20231201_21:00:20,IMMSG,sc2407,20231204,20231201,21:00:20,0,578.500,0,0,0.000,0.000,594.300,581.300,581.200,579.900,579.800,562.600,562.500,562.400,562.200,561.200,1,1,1,1,2,1,1,1,1,2,8.000,624.700,532.200
20231201_21:00:20,IMMSG,sc2408,20231204,20231201,21:00:20,0,578.200,0,0,0.000,0.000,623.500,604.300,581.000,580.900,579.500,560.600,558.900,558.800,544.200,0.000,2,1,1,1,1,1,2,1,1,0,4.000,624.400,531.900
20231201_21:00:20,IMMSG,sc2603,20231204,20231201,21:00:20,0,549.000,0,0,0.000,0.000,0.000,567.200,563.000,562.900,560.600,531.200,528.800,528.700,507.100,505.300,0,1,1,2,1,1,1,1,1,1,14.000,592.900,505.000
20231201_21:00:20,IMMSG,sc2606,20231204,20231201,21:00:20,0,552.000,0,0,0.000,0.000,559.400,557.100,552.700,552.600,552.500,534.700,533.100,530.000,526.600,523.700,1,1,1,1,2,1,1,2,1,1,238.000,597.200,508.700
20231201_21:00:20,IMMSG,sc2612,20231204,20231201,21:00:20,0,536.600,0,0,0.000,0.000,557.800,556.600,553.500,549.900,549.800,514.800,514.700,511.300,511.200,510.100,1,1,1,1,1,1,1,1,1,1,0.000,622.400,450.700
20231201_21:00:20,IMMSG,zn2403,20231204,20231201,21:00:20,0,20655.000,440,0,45259000.000,0.000,20675.000,20670.000,20665.000,20660.000,20655.000,20650.000,20645.000,20640.000,20635.000,20630.000,1,5,2,5,2,16,7,7,7,8,18063.000,21855.000,19380.000
20231201_21:00:20,IMMSG,zn2405,20231204,20231201,21:00:20,0,20625.000,3,0,309425.000,0.000,20795.000,20750.000,20720.000,20670.000,20665.000,20600.000,20595.000,20575.000,20565.000,20560.000,1,1,2,18,2,5,1,1,3,16,1738.000,21795.000,19330.000
20231201_21:00:20,IMMSG,zn2406,20231204,20231201,21:00:20,0,20475.000,0,0,0.000,0.000,20855.000,20835.000,20825.000,20800.000,20690.000,20570.000,20565.000,20560.000,20555.000,20530.000,1,1,1,7,1,1,1,1,1,2,196.000,21780.000,19315.000
20231201_21:00:20,IMMSG,zn2407,20231204,20231201,21:00:20,0,20490.000,0,0,0.000,0.000,20830.000,20790.000,20735.000,20730.000,20650.000,20475.000,20470.000,20460.000,20350.000,20320.000,1,1,1,3,3,3,1,2,1,1,671.000,21760.000,19295.000
20231201_21:00:20,IMMSG,zn2408,20231204,20231201,21:00:20,0,20420.000,0,0,0.000,0.000,20750.000,20725.000,20715.000,20705.000,20700.000,20395.000,20380.000,20365.000,20340.000,20330.000,2,1,2,2,4,1,1,1,1,1,1171.000,21735.000,19270.000
20231201_21:00:20,IMMSG,zn2409,20231204,20231201,21:00:20,0,20405.000,0,0,0.000,0.000,20755.000,20725.000,20620.000,20600.000,20590.000,20475.000,20470.000,20345.000,20330.000,20310.000,1,1,5,5,2,1,2,1,1,1,189.000,21745.000,19280.000
20231201_21:00:20,IMMSG,zn2410,20231204,20231201,21:00:20,0,20380.000,0,0,0.000,0.000,20690.000,20685.000,20675.000,20670.000,20665.000,20370.000,20285.000,20255.000,20235.000,20130.000,2,2,2,3,2,3,1,1,1,1,788.000,21705.000,19250.000
20231201_21:00:20,IMMSG,zn2411,20231204,20231201,21:00:20,0,20355.000,0,0,0.000,0.000,20925.000,20915.000,20910.000,20905.000,20900.000,20345.000,20340.000,20310.000,20305.000,20275.000,2,2,1,1,2,2,1,1,1,1,23.000,21710.000,19255.000
20231201_21:00:20,IMMSG,a2409,20231204,20231201,21:00:19,649,4958.000,0,0,0.000,0.000,0.000,0.000,0.000,0.000,4965.000,4951.000,0.000,0.000,0.000,0.000,0,0,0,0,4,2,0,0,0,0,2137.000,5267.000,4671.000
20231201_21:00:20,IMMSG,a2411,20231204,20231201,21:00:19,570,4941.000,0,0,0.000,0.000,0.000,0.000,0.000,0.000,4955.000,4926.000,0.000,0.000,0.000,0.000,0,0,0,0,1,1,0,0,0,0,26.000,5243.000,4651.000
20231201_21:00:20,IMMSG,b2312,20231204,20231201,21:00:19,562,4400.000,0,0,0.000,0.000,0.000,0.000,0.000,0.000,4622.000,4265.000,0.000,0.000,0.000,0.000,0,0,0,0,11,3,0,0,0,0,1400.000,4664.000,4136.000
20231201_21:00:20,IMMSG,b2401,20231204,20231201,21:00:19,587,4301.000,1047,11,45061440.000,473070.000,0.000,0.000,0.000,0.000,4301.000,4300.000,0.000,0.000,0.000,0.000,0,0,0,0,9,8,0,0,0,0,43032.000,4587.000,4069.000
20231201_21:00:20,IMMSG,b2402,20231204,20231201,21:00:19,562,4345.000,112,0,4864640.000,0.000,0.000,0.000,0.000,0.000,4345.000,4344.000,0.000,0.000,0.000,0.000,0,0,0,0,4,4,0,0,0,0,25471.000,4633.000,4109.000
20231201_21:00:20,IMMSG,b2410,20231204,20231201,21:00:19,594,4000.000,0,0,0.000,0.000,0.000,0.000,0.000,0.000,4025.000,3951.000,0.000,0.000,0.000,0.000,0,0,0,0,2,2,0,0,0,0,37.000,4260.000,3778.000
20231201_21:00:20,IMMSG,c2401,20231204,20231201,21:00:19,810,2491.000,9310,75,231775280.000,1868250.000,0.000,0.000,0.000,0.000,2491.000,2490.000,0.000,0.000,0.000,0.000,0,0,0,0,108,245,0,0,0,0,629870.000,2642.000,2344.000
20231201_21:00:20,IMMSG,c2403,20231204,20231201,21:00:19,775,2472.000,1205,0,29763060.000,0.000,0.000,0.000,0.000,0.000,2472.000,2471.000,0.000,0.000,0.000,0.000,0,0,0,0,135,66,0,0,0,0,376091.000,2625.000,2329.000
20231201_21:00:20,IMMSG,c2405,20231204,20231201,21:00:19,576,2505.000,749,0,18753520.000,0.000,0.000,0.000,0.000,0.000,2505.000,2504.000,0.000,0.000,0.000,0.000,0,0,0,0,83,31,0,0,0,0,372989.000,2660.000,2360.000
20231201_21:00:20,IMMSG,c2407,20231204,20231201,21:00:19,578,2510.000,105,0,2635400.000,0.000,0.000,0.000,0.000,0.000,2510.000,2509.000,0.000,0.000,0.000,0.000,0,0,0,0,56,182,0,0,0,0,167321.000,2669.000,2367.000
20231201_21:00:20,IMMSG,cs2401,20231204,20231201,21:00:19,725,2884.000,3807,2,109800070.000,57690.000,0.000,0.000,0.000,0.000,2885.000,2884.000,0.000,0.000,0.000,0.000,0,0,0,0,85,90,0,0,0,0,171879.000,3036.000,2748.000
20231201_21:00:20,IMMSG,cs2403,20231204,20231201,21:00:19,696,2842.000,232,1,6596340.000,28420.000,0.000,0.000,0.000,0.000,2844.000,2842.000,0.000,0.000,0.000,0.000,0,0,0,0,5,14,0,0,0,0,53062.000,2998.000,2714.000
20231201_21:00:20,IMMSG,cs2405,20231204,20231201,21:00:19,696,2886.000,53,0,1530180.000,0.000,0.000,0.000,0.000,0.000,2887.000,2885.000,0.000,0.000,0.000,0.000,0,0,0,0,51,10,0,0,0,0,24289.000,3038.000,2750.000
20231201_21:00:20,IMMSG,cs2407,20231204,20231201,21:00:19,696,2865.000,15,0,429970.000,0.000,0.000,0.000,0.000,0.000,2865.000,2862.000,0.000,0.000,0.000,0.000,0,0,0,0,2,3,0,0,0,0,24607.000,3013.000,2727.000
20231201_21:00:20,IMMSG,eb2401,20231204,20231201,21:00:19,652,7972.000,6747,64,268860955.000,2551640.000,0.000,0.000,0.000,0.000,7974.000,7972.000,0.000,0.000,0.000,0.000,0,0,0,0,5,9,0,0,0,0,242650.000,8593.000,7469.000
20231201_21:00:20,IMMSG,eb2402,20231204,20231201,21:00:19,621,7960.000,1664,13,66174840.000,517375.000,0.000,0.000,0.000,0.000,7961.000,7958.000,0.000,0.000,0.000,0.000,0,0,0,0,3,11,0,0,0,0,113442.000,8558.000,7440.000
20231201_21:00:20,IMMSG,eb2403,20231204,20231201,21:00:19,580,7984.000,181,1,7227125.000,39920.000,0.000,0.000,0.000,0.000,7988.000,7980.000,0.000,0.000,0.000,0.000,0,0,0,0,1,7,0,0,0,0,71494.000,8574.000,7454.000
20231201_21:00:20,IMMSG,eb2404,20231204,20231201,21:00:19,580,7972.000,98,0,3905440.000,0.000,0.000,0.000,0.000,0.000,7974.000,7966.000,0.000,0.000,0.000,0.000,0,0,0,0,2,2,0,0,0,0,31895.000,8554.000,7436.000
20231201_21:00:20,IMMSG,eb2405,20231204,20231201,21:00:19,580,7938.000,83,0,3294730.000,0.000,0.000,0.000,0.000,0.000,7948.000,7935.000,0.000,0.000,0.000,0.000,0,0,0,0,1,1,0,0,0,0,12661.000,8532.000,7416.000
20231201_21:00:20,IMMSG,eb2406,20231204,20231201,21:00:19,581,7913.000,36,0,1425260.000,0.000,0.000,0.000,0.000,0.000,7921.000,7906.000,0.000,0.000,0.000,0.000,0,0,0,0,3,1,0,0,0,0,9413.000,8495.000,7385.000
20231201_21:00:20,IMMSG,eb2407,20231204,20231201,21:00:19,495,7886.000,0,0,0.000,0.000,0.000,0.000,0.000,0.000,7965.000,7747.000,0.000,0.000,0.000,0.000,0,0,0,0,1,3,0,0,0,0,633.000,8451.000,7347.000
20231201_21:00:20,IMMSG,eg2312,20231204,20231201,21:00:19,618,4067.000,0,0,0.000,0.000,0.000,0.000,0.000,0.000,4150.000,4061.000,0.000,0.000,0.000,0.000,0,0,0,0,50,10,0,0,0,0,307.000,4344.000,3776.000
20231201_21:00:20,IMMSG,eg2401,20231204,20231201,21:00:19,799,4112.000,6271,45,257396850.000,1850160.000,0.000,0.000,0.000,0.000,4112.000,4111.000,0.000,0.000,0.000,0.000,0,0,0,0,28,13,0,0,0,0,347840.000,4399.000,3825.000
20231201_21:00:20,IMMSG,eg2402,20231204,20231201,21:00:19,657,4140.000,248,0,10267190.000,0.000,0.000,0.000,0.000,0.000,4142.000,4140.000,0.000,0.000,0.000,0.000,0,0,0,0,6,23,0,0,0,0,58220.000,4435.000,3855.000
20231201_21:00:20,IMMSG,eg2403,20231204,20231201,21:00:19,657,4169.000,99,0,4127050.000,0.000,0.000,0.000,0.000,0.000,4173.000,4170.000,0.000,0.000,0.000,0.000,0,0,0,0,15,20,0,0,0,0,33948.000,4459.000,3877.000
20231201_21:00:20,IMMSG,eg2404,20231204,20231201,21:00:19,657,4218.000,73,0,3077530.000,0.000,0.000,0.000,0.000,0.000,4220.000,4217.000,0.000,0.000,0.000,0.000,0,0,0,0,8,17,0,0,0,0,18010.000,4508.000,3920.000
20231201_21:00:20,IMMSG,eg2405,20231204,20231201,21:00:19,799,4246.000,375,4,15906190.000,169830.000,0.000,0.000,0.000,0.000,4247.000,4246.000,0.000,0.000,0.000,0.000,0,0,0,0,58,2,0,0,0,0,105833.000,4535.000,3943.000
20231201_21:00:20,IMMSG,eg2406,20231204,20231201,21:00:19,657,4271.000,40,0,1706910.000,0.000,0.000,0.000,0.000,0.000,4272.000,4270.000,0.000,0.000,0.000,0.000,0,0,0,0,8,7,0,0,0,0,5451.000,4562.000,3966.000
20231201_21:00:20,IMMSG,eg2407,20231204,20231201,21:00:19,657,4290.000,0,0,0.000,0.000,0.000,0.000,0.000,0.000,4306.000,4274.000,0.000,0.000,0.000,0.000,0,0,0,0,2,1,0,0,0,0,1312.000,4592.000,3992.000
20231201_21:00:20,IMMSG,eg2409,20231204,20231201,21:00:19,657,4335.000,0,0,0.000,0.000,0.000,0.000,0.000,0.000,4365.000,4308.000,0.000,0.000,0.000,0.000,0,0,0,0,1,1,0,0,0,0,466.000,4637.000,4031.000
20231201_21:00:20,IMMSG,i2401,20231204,20231201,21:00:19,795,975.000,4013,32,392037400.000,3119900.000,0.000,0.000,0.000,0.000,975.000,974.500,0.000,0.000,0.000,0.000,0,0,0,0,20,70,0,0,0,0,503583.000,1075.500,862.500
20231201_21:00:20,IMMSG,i2402,20231204,20231201,21:00:19,790,964.000,410,1,39576550.000,96400.000,0.000,0.000,0.000,0.000,964.000,963.000,0.000,0.000,0.000,0.000,0,0,0,0,19,5,0,0,0,0,101682.000,1062.000,852.000
20231201_21:00:20,IMMSG,i2403,20231204,20231201,21:00:19,790,953.000,607,0,57836800.000,0.000,0.000,0.000,0.000,0.000,953.000,952.500,0.000,0.000,0.000,0.000,0,0,0,0,10,287,0,0,0,0,92397.000,1048.500,841.500
20231201_21:00:20,IMMSG,i2404,20231204,20231201,21:00:19,694,940.000,214,0,20092150.000,0.000,0.000,0.000,0.000,0.000,940.500,939.500,0.000,0.000,0.000,0.000,0,0,0,0,18,27,0,0,0,0,48076.000,1033.000,829.000
20231201_21:00:20,IMMSG,i2405,20231204,20231201,21:00:19,789,926.000,3604,49,333940850.000,4537550.000,0.000,0.000,0.000,0.000,926.500,926.000,0.000,0.000,0.000,0.000,0,0,0,0,60,30,0,0,0,0,403547.000,1017.500,816.500
20231201_21:00:20,IMMSG,i2406,20231204,20231201,21:00:19,779,911.000,131,0,11942350.000,0.000,0.000,0.000,0.000,0.000,911.000,910.500,0.000,0.000,0.000,0.000,0,0,0,0,2,18,0,0,0,0,20585.000,1001.500,803.500
20231201_21:00:20,IMMSG,i2407,20231204,20231201,21:00:19,779,897.500,159,0,14231650.000,0.000,0.000,0.000,0.000,0.000,897.500,896.000,0.000,0.000,0.000,0.000,0,0,0,0,23,13,0,0,0,0,13730.000,985.500,790.500
20231201_21:00:20,IMMSG,i2409,20231204,20231201,21:00:19,779,867.500,298,4,25873350.000,347000.000,0.000,0.000,0.000,0.000,868.000,867.500,0.000,0.000,0.000,0.000,0,0,0,0,4,39,0,0,0,0,106551.000,955.500,766.500
20231201_21:00:20,IMMSG,j2401,20231204,20231201,21:00:19,797,2639.000,1084,3,285973400.000,791800.000,0.000,0.000,0.000,0.000,2640.500,2638.500,0.000,0.000,0.000,0.000,0,0,0,0,1,9,0,0,0,0,35155.000,3033.000,2242.000
20231201_21:00:20,IMMSG,j2402,20231204,20231201,21:00:19,781,2649.000,0,0,0.000,0.000,0.000,0.000,0.000,0.000,2650.500,2597.500,0.000,0.000,0.000,0.000,0,0,0,0,1,1,0,0,0,0,357.000,3032.500,2241.500
20231201_21:00:20,IMMSG,j2403,20231204,20231201,21:00:19,591,2641.000,0,0,0.000,0.000,0.000,0.000,0.000,0.000,2641.000,2563.500,0.000,0.000,0.000,0.000,0,0,0,0,1,1,0,0,0,0,198.000,3018.000,2231.000
20231201_21:00:20,IMMSG,j2404,20231204,20231201,21:00:19,592,2640.500,0,0,0.000,0.000,0.000,0.000,0.000,0.000,2684.500,2561.500,0.000,0.000,0.000,0.000,0,0,0,0,2,1,0,0,0,0,170.000,3017.500,2230.500
20231201_21:00:20,IMMSG,j2405,20231204,20231201,21:00:19,781,2619.500,199,0,52117600.000,0.000,0.000,0.000,0.000,0.000,2619.500,2617.000,0.000,0.000,0.000,0.000,0,0,0,0,1,1,0,0,0,0,15703.000,2998.000,2216.000
20231201_21:00:20,IMMSG,j2407,20231204,20231201,21:00:19,563,2628.000,0,0,0.000,0.000,0.000,0.000,0.000,0.000,2639.500,2502.500,0.000,0.000,0.000,0.000,0,0,0,0,1,2,0,0,0,0,76.000,3022.000,2234.000
20231201_21:00:20,IMMSG,j2408,20231204,20231201,21:00:19,563,2608.500,0,0,0.000,0.000,0.000,0.000,0.000,0.000,2603.500,2462.000,0.000,0.000,0.000,0.000,0,0,0,0,2,2,0,0,0,0,8.000,2999.500,2217.500
20231201_21:00:20,IMMSG,j2409,20231204,20231201,21:00:19,781,2543.500,4,0,1016400.000,0.000,0.000,0.000,0.000,0.000,2552.000,2516.000,0.000,0.000,0.000,0.000,0,0,0,0,4,1,0,0,0,0,393.000,2892.000,2138.000
20231201_21:00:20,IMMSG,j2410,20231204,20231201,21:00:19,560,2594.500,0,0,0.000,0.000,0.000,0.000,0.000,0.000,2566.500,2444.000,0.000,0.000,0.000,0.000,0,0,0,0,1,1,0,0,0,0,7.000,2983.500,2205.500
20231201_21:00:20,IMMSG,j2411,20231204,20231201,21:00:19,560,2487.000,0,0,0.000,0.000,0.000,0.000,0.000,0.000,2582.000,2397.000,0.000,0.000,0.000,0.000,0,0,0,0,2,1,0,0,0,0,0.000,3233.000,1741.000
20231201_21:00:20,IMMSG,jm2401,20231204,20231201,21:00:19,761,2108.500,1437,9,182114550.000,1138590.000,0.000,0.000,0.000,0.000,2108.500,2108.000,0.000,0.000,0.000,0.000,0,0,0,0,7,7,0,0,0,0,113609.000,2425.000,1793.000
20231201_21:00:20,IMMSG,jm2402,20231204,20231201,21:00:19,595,2110.000,0,0,0.000,0.000,0.000,0.000,0.000,0.000,2118.000,2085.500,0.000,0.000,0.000,0.000,0,0,0,0,1,1,0,0,0,0,1635.000,2406.000,1779.000
20231201_21:00:20,IMMSG,jm2405,20231204,20231201,21:00:19,595,2084.500,551,2,68965920.000,250080.000,0.000,0.000,0.000,0.000,2085.500,2084.000,0.000,0.000,0.000,0.000,0,0,0,0,27,1,0,0,0,0,92791.000,2381.000,1760.000
20231201_21:00:20,IMMSG,jm2407,20231204,20231201,21:00:19,619,2039.000,0,0,0.000,0.000,0.000,0.000,0.000,0.000,2074.500,2037.500,0.000,0.000,0.000,0.000,0,0,0,0,1,1,0,0,0,0,284.000,2345.000,1734.000
20231201_21:00:20,IMMSG,jm2408,20231204,20231201,21:00:19,619,2003.500,0,0,0.000,0.000,0.000,0.000,0.000,0.000,2041.000,2007.500,0.000,0.000,0.000,0.000,0,0,0,0,2,1,0,0,0,0,182.000,2304.000,1703.000
20231201_21:00:20,IMMSG,jm2410,20231204,20231201,21:00:19,562,1960.000,0,0,0.000,0.000,0.000,0.000,0.000,0.000,2009.000,1946.000,0.000,0.000,0.000,0.000,0,0,0,0,6,6,0,0,0,0,73.000,2278.500,1684.500
20231201_21:00:20,IMMSG,jm2411,20231204,20231201,21:00:19,558,1931.000,0,0,0.000,0.000,0.000,0.000,0.000,0.000,1989.000,1890.000,0.000,0.000,0.000,0.000,0,0,0,0,1,2,0,0,0,0,14.000,2220.500,1641.500
20231201_21:00:20,IMMSG,l2312,20231204,20231201,21:00:19,686,7844.000,0,0,0.000,0.000,0.000,0.000,0.000,0.000,8220.000,7872.000,0.000,0.000,0.000,0.000,0,0,0,0,2,37,0,0,0,0,1309.000,8341.000,7397.000
20231201_21:00:20,IMMSG,l2401,20231204,20231201,21:00:19,768,7948.000,5241,8,208244145.000,317910.000,0.000,0.000,0.000,0.000,7948.000,7947.000,0.000,0.000,0.000,0.000,0,0,0,0,7,37,0,0,0,0,310946.000,8401.000,7451.000
20231201_21:00:20,IMMSG,l2402,20231204,20231201,21:00:19,724,7936.000,141,0,5595850.000,0.000,0.000,0.000,0.000,0.000,7937.000,7935.000,0.000,0.000,0.000,0.000,0,0,0,0,2,47,0,0,0,0,44853.000,8388.000,7440.000
20231201_21:00:20,IMMSG,l2403,20231204,20231201,21:00:19,768,7953.000,92,5,3658860.000,198825.000,0.000,0.000,0.000,0.000,7955.000,7952.000,0.000,0.000,0.000,0.000,0,0,0,0,8,3,0,0,0,0,23540.000,8413.000,7461.000
20231201_21:00:20,IMMSG,l2405,20231204,20231201,21:00:19,768,7984.000,998,4,39838355.000,159670.000,0.000,0.000,0.000,0.000,7984.000,7983.000,0.000,0.000,0.000,0.000,0,0,0,0,1,1,0,0,0,0,167408.000,8441.000,7487.000
20231201_21:00:20,IMMSG,l2407,20231204,20231201,21:00:19,602,7966.000,0,0,0.000,0.000,0.000,0.000,0.000,0.000,7982.000,7813.000,0.000,0.000,0.000,0.000,0,0,0,0,3,1,0,0,0,0,123.000,8431.000,7477.000
20231201_21:00:20,IMMSG,l2408,20231204,20231201,21:00:19,600,7948.000,0,0,0.000,0.000,0.000,0.000,0.000,0.000,7998.000,7930.000,0.000,0.000,0.000,0.000,0,0,0,0,1,1,0,0,0,0,497.000,8424.000,7472.000
20231201_21:00:20,IMMSG,l2410,20231204,20231201,21:00:19,563,7906.000,0,0,0.000,0.000,0.000,0.000,0.000,0.000,8092.000,7912.000,0.000,0.000,0.000,0.000,0,0,0,0,1,1,0,0,0,0,596.000,8383.000,7435.000
20231201_21:00:20,IMMSG,m2401,20231204,20231201,21:00:19,689,3857.000,13882,28,535499160.000,1079730.000,0.000,0.000,0.000,0.000,3857.000,3856.000,0.000,0.000,0.000,0.000,0,0,0,0,191,168,0,0,0,0,986726.000,4093.000,3631.000
20231201_21:00:20,IMMSG,m2405,20231204,20231201,21:00:19,774,3381.000,8587,5,290118570.000,169050.000,0.000,0.000,0.000,0.000,3381.000,3380.000,0.000,0.000,0.000,0.000,0,0,0,0,155,294,0,0,0,0,1086024.000,3615.000,3207.000
20231201_21:00:20,IMMSG,m2407,20231204,20231201,21:00:19,348,3368.000,1008,0,33959810.000,0.000,0.000,0.000,0.000,0.000,3368.000,3367.000,0.000,0.000,0.000,0.000,0,0,0,0,23,15,0,0,0,0,477780.000,3605.000,3197.000
20231201_21:00:20,IMMSG,m2409,20231204,20231201,21:00:19,796,3392.000,1592,0,53955620.000,0.000,0.000,0.000,0.000,0.000,3394.000,3392.000,0.000,0.000,0.000,0.000,0,0,0,0,84,91,0,0,0,0,242705.000,3631.000,3221.000
20231201_21:00:20,IMMSG,p2401,20231204,20231201,21:00:19,783,7208.000,7822,25,563775100.000,1802200.000,0.000,0.000,0.000,0.000,7210.000,7208.000,0.000,0.000,0.000,0.000,0,0,0,0,33,86,0,0,0,0,329176.000,7760.000,6748.000
20231201_21:00:20,IMMSG,p2402,20231204,20231201,21:00:19,637,7290.000,402,0,29349300.000,0.000,0.000,0.000,0.000,0.000,7292.000,7288.000,0.000,0.000,0.000,0.000,0,0,0,0,8,35,0,0,0,0,37141.000,7832.000,6808.000
20231201_21:00:20,IMMSG,p2403,20231204,20231201,21:00:19,637,7358.000,93,0,6843920.000,0.000,0.000,0.000,0.000,0.000,7362.000,7358.000,0.000,0.000,0.000,0.000,0,0,0,0,7,17,0,0,0,0,26948.000,7918.000,6882.000
20231201_21:00:20,IMMSG,p2404,20231204,20231201,21:00:19,763,7378.000,57,1,4204660.000,73780.000,0.000,0.000,0.000,0.000,7380.000,7374.000,0.000,0.000,0.000,0.000,0,0,0,0,29,4,0,0,0,0,15298.000,7936.000,6900.000
20231201_21:00:20,IMMSG,p2405,20231204,20231201,21:00:19,764,7372.000,2157,26,159296240.000,1916480.000,0.000,0.000,0.000,0.000,7372.000,7370.000,0.000,0.000,0.000,0.000,0,0,0,0,34,3,0,0,0,0,208575.000,7934.000,6898.000
20231201_21:00:20,IMMSG,p2406,20231204,20231201,21:00:19,763,7338.000,23,0,1688920.000,0.000,0.000,0.000,0.000,0.000,7344.000,7338.000,0.000,0.000,0.000,0.000,0,0,0,0,29,6,0,0,0,0,6585.000,7896.000,6864.000
20231201_21:00:20,IMMSG,p2407,20231204,20231201,21:00:19,553,7302.000,12,0,876380.000,0.000,0.000,0.000,0.000,0.000,7300.000,7268.000,0.000,0.000,0.000,0.000,0,0,0,0,8,1,0,0,0,0,1361.000,7818.000,6798.000
20231201_21:00:20,IMMSG,p2408,20231204,20231201,21:00:19,316,7260.000,16,0,1161200.000,0.000,0.000,0.000,0.000,0.000,7260.000,7206.000,0.000,0.000,0.000,0.000,0,0,0,0,6,11,0,0,0,0,3700.000,7848.000,6824.000
20231201_21:00:20,IMMSG,p2409,20231204,20231201,21:00:19,683,7200.000,23,0,1655480.000,0.000,0.000,0.000,0.000,0.000,7198.000,7192.000,0.000,0.000,0.000,0.000,0,0,0,0,8,3,0,0,0,0,10088.000,7728.000,6720.000
20231201_21:00:20,IMMSG,p2411,20231204,20231201,21:00:19,532,7120.000,0,0,0.000,0.000,0.000,0.000,0.000,0.000,7184.000,7114.000,0.000,0.000,0.000,0.000,0,0,0,0,8,8,0,0,0,0,130.000,7682.000,6678.000
20231201_21:00:20,IMMSG,pg2401,20231204,20231201,21:00:19,811,4726.000,1403,17,132768620.000,1606520.000,0.000,0.000,0.000,0.000,4726.000,4724.000,0.000,0.000,0.000,0.000,0,0,0,0,23,20,0,0,0,0,90187.000,5113.000,4445.000
20231201_21:00:20,IMMSG,pg2402,20231204,20231201,21:00:19,613,4619.000,191,1,17649660.000,92380.000,0.000,0.000,0.000,0.000,4620.000,4617.000,0.000,0.000,0.000,0.000,0,0,0,0,3,10,0,0,0,0,33270.000,4993.000,4341.000
20231201_21:00:20,IMMSG,pg2403,20231204,20231201,21:00:19,614,4449.000,20,0,1782780.000,0.000,0.000,0.000,0.000,0.000,4450.000,4446.000,0.000,0.000,0.000,0.000,0,0,0,0,3,5,0,0,0,0,20491.000,4796.000,4170.000
20231201_21:00:20,IMMSG,pg2404,20231204,20231201,21:00:19,625,4830.000,20,0,1934320.000,0.000,0.000,0.000,0.000,0.000,4835.000,4826.000,0.000,0.000,0.000,0.000,0,0,0,0,1,9,0,0,0,0,7748.000,5201.000,4521.000
20231201_21:00:20,IMMSG,pg2405,20231204,20231201,21:00:19,625,4696.000,20,1,1881740.000,93920.000,0.000,0.000,0.000,0.000,4703.000,4696.000,0.000,0.000,0.000,0.000,0,0,0,0,2,3,0,0,0,0,1407.000,5058.000,4398.000
20231201_21:00:20,IMMSG,pg2407,20231204,20231201,21:00:19,621,4582.000,0,0,0.000,0.000,0.000,0.000,0.000,0.000,4643.000,4511.000,0.000,0.000,0.000,0.000,0,0,0,0,3,4,0,0,0,0,379.000,4924.000,4280.000
20231201_21:00:20,IMMSG,pg2408,20231204,20231201,21:00:19,621,4510.000,0,0,0.000,0.000,0.000,0.000,0.000,0.000,4583.000,4457.000,0.000,0.000,0.000,0.000,0,0,0,0,1,2,0,0,0,0,1401.000,4850.000,4216.000
20231201_21:00:20,IMMSG,pg2409,20231204,20231201,21:00:19,621,4467.000,0,0,0.000,0.000,0.000,0.000,0.000,0.000,4479.000,4397.000,0.000,0.000,0.000,0.000,0,0,0,0,1,1,0,0,0,0,216.000,4791.000,4165.000
20231201_21:00:20,IMMSG,pp2401,20231204,20231201,21:00:19,773,7453.000,6334,25,236020765.000,931760.000,0.000,0.000,0.000,0.000,7455.000,7453.000,0.000,0.000,0.000,0.000,0,0,0,0,56,66,0,0,0,0,320999.000,7891.000,6999.000
20231201_21:00:20,IMMSG,pp2402,20231204,20231201,21:00:19,664,7443.000,935,0,34763965.000,0.000,0.000,0.000,0.000,0.000,7444.000,7442.000,0.000,0.000,0.000,0.000,0,0,0,0,41,2,0,0,0,0,89337.000,7872.000,6982.000
20231201_21:00:20,IMMSG,pp2403,20231204,20231201,21:00:19,664,7452.000,163,0,6076430.000,0.000,0.000,0.000,0.000,0.000,7453.000,7451.000,0.000,0.000,0.000,0.000,0,0,0,0,26,2,0,0,0,0,54484.000,7884.000,6992.000
20231201_21:00:20,IMMSG,pp2404,20231204,20231201,21:00:19,763,7469.000,69,0,2577160.000,0.000,0.000,0.000,0.000,0.000,7469.000,7466.000,0.000,0.000,0.000,0.000,0,0,0,0,17,33,0,0,0,0,34711.000,7904.000,7010.000
20231201_21:00:20,IMMSG,pp2405,20231204,20231201,21:00:19,763,7468.000,651,4,24314795.000,149360.000,0.000,0.000,0.000,0.000,7468.000,7466.000,0.000,0.000,0.000,0.000,0,0,0,0,7,24,0,0,0,0,142628.000,7905.000,7011.000
20231201_21:00:20,IMMSG,pp2406,20231204,20231201,21:00:19,664,7455.000,110,0,4101740.000,0.000,0.000,0.000,0.000,0.000,7456.000,7453.000,0.000,0.000,0.000,0.000,0,0,0,0,17,29,0,0,0,0,12267.000,7893.000,7001.000
20231201_21:00:20,IMMSG,pp2409,20231204,20231201,21:00:19,763,7470.000,1,0,37350.000,0.000,0.000,0.000,0.000,0.000,7485.000,7453.000,0.000,0.000,0.000,0.000,0,0,0,0,2,2,0,0,0,0,4615.000,7903.000,7009.000
20231201_21:00:20,IMMSG,pp2410,20231204,20231201,21:00:19,624,7417.000,0,0,0.000,0.000,0.000,0.000,0.000,0.000,7626.000,7418.000,0.000,0.000,0.000,0.000,0,0,0,0,1,1,0,0,0,0,145.000,7862.000,6972.000
20231201_21:00:20,IMMSG,rr2407,20231204,20231201,21:00:19,704,3620.000,0,0,0.000,0.000,0.000,0.000,0.000,0.000,3628.000,3617.000,0.000,0.000,0.000,0.000,0,0,0,0,2,2,0,0,0,0,1988.000,3801.000,3439.000
20231201_21:00:20,IMMSG,rr2408,20231204,20231201,21:00:19,731,3658.000,0,0,0.000,0.000,0.000,0.000,0.000,0.000,3662.000,3651.000,0.000,0.000,0.000,0.000,0,0,0,0,2,2,0,0,0,0,5139.000,3840.000,3476.000
20231201_21:00:20,IMMSG,v2401,20231204,20231201,21:00:19,789,5853.000,8534,52,249869255.000,1521805.000,0.000,0.000,0.000,0.000,5853.000,5852.000,0.000,0.000,0.000,0.000,0,0,0,0,1,95,0,0,0,0,735790.000,6175.000,5477.000
20231201_21:00:20,IMMSG,v2402,20231204,20231201,21:00:19,745,5894.000,467,0,13761405.000,0.000,0.000,0.000,0.000,0.000,5894.000,5891.000,0.000,0.000,0.000,0.000,0,0,0,0,30,52,0,0,0,0,67716.000,6214.000,5512.000
20231201_21:00:20,IMMSG,v2403,20231204,20231201,21:00:19,745,5918.000,214,0,6334505.000,0.000,0.000,0.000,0.000,0.000,5919.000,5917.000,0.000,0.000,0.000,0.000,0,0,0,0,8,19,0,0,0,0,65014.000,6246.000,5540.000
20231201_21:00:20,IMMSG,v2404,20231204,20231201,21:00:19,681,6006.000,135,0,4053590.000,0.000,0.000,0.000,0.000,0.000,6006.000,6003.000,0.000,0.000,0.000,0.000,0,0,0,0,18,9,0,0,0,0,28759.000,6345.000,5627.000
20231201_21:00:20,IMMSG,v2405,20231204,20231201,21:00:19,768,6023.000,1453,2,43762970.000,60225.000,0.000,0.000,0.000,0.000,6023.000,6022.000,0.000,0.000,0.000,0.000,0,0,0,0,11,10,0,0,0,0,275193.000,6368.000,5648.000
20231201_21:00:20,IMMSG,v2406,20231204,20231201,21:00:19,681,6044.000,120,0,3627920.000,0.000,0.000,0.000,0.000,0.000,6046.000,6043.000,0.000,0.000,0.000,0.000,0,0,0,0,16,6,0,0,0,0,13897.000,6390.000,5668.000
20231201_21:00:20,IMMSG,v2407,20231204,20231201,21:00:19,695,6076.000,1,0,30380.000,0.000,0.000,0.000,0.000,0.000,6089.000,6057.000,0.000,0.000,0.000,0.000,0,0,0,0,2,1,0,0,0,0,2542.000,6410.000,5686.000
20231201_21:00:20,IMMSG,v2409,20231204,20231201,21:00:19,745,6111.000,44,0,1344385.000,0.000,0.000,0.000,0.000,0.000,6114.000,6109.000,0.000,0.000,0.000,0.000,0,0,0,0,9,5,0,0,0,0,12123.000,6458.000,5728.000
20231201_21:00:20,IMMSG,v2411,20231204,20231201,21:00:19,663,6143.000,0,0,0.000,0.000,0.000,0.000,0.000,0.000,6189.000,6119.000,0.000,0.000,0.000,0.000,0,0,0,0,1,1,0,0,0,0,89.000,6494.000,5760.000
20231201_21:00:20,IMMSG,y2401,20231204,20231201,21:00:19,795,8118.000,7701,42,624991980.000,3409600.000,0.000,0.000,0.000,0.000,8118.000,8116.000,0.000,0.000,0.000,0.000,0,0,0,0,14,114,0,0,0,0,387201.000,8654.000,7678.000
20231201_21:00:20,IMMSG,y2403,20231204,20231201,21:00:19,629,8054.000,265,0,21337700.000,0.000,0.000,0.000,0.000,0.000,8056.000,8046.000,0.000,0.000,0.000,0.000,0,0,0,0,13,15,0,0,0,0,54369.000,8580.000,7612.000
20231201_21:00:20,IMMSG,y2405,20231204,20231201,21:00:19,795,7836.000,2167,11,169657600.000,861960.000,0.000,0.000,0.000,0.000,7838.000,7836.000,0.000,0.000,0.000,0.000,0,0,0,0,39,31,0,0,0,0,321384.000,8354.000,7410.000
20231201_21:00:20,IMMSG,y2407,20231204,20231201,21:00:19,625,7738.000,81,0,6265620.000,0.000,0.000,0.000,0.000,0.000,7740.000,7736.000,0.000,0.000,0.000,0.000,0,0,0,0,4,31,0,0,0,0,135369.000,8248.000,7316.000
20231201_21:00:20,IMMSG,y2408,20231204,20231201,21:00:19,626,7722.000,9,0,694820.000,0.000,0.000,0.000,0.000,0.000,7726.000,7714.000,0.000,0.000,0.000,0.000,0,0,0,0,23,15,0,0,0,0,32439.000,8220.000,7292.000
20231201_21:00:20,IMMSG,y2409,20231204,20231201,21:00:19,625,7656.000,90,0,6887260.000,0.000,0.000,0.000,0.000,0.000,7656.000,7652.000,0.000,0.000,0.000,0.000,0,0,0,0,3,7,0,0,0,0,15381.000,8146.000,7226.000
20231201_21:00:20,IMMSG,CF401,20231204,20231201,21:00:20,0,15215.000,3415,86,51959225.000,1308490.000,0.000,0.000,0.000,0.000,15215.000,15205.000,0.000,0.000,0.000,0.000,0,0,0,0,56,29,0,0,0,0,394401.000,16760.000,13710.000
20231201_21:00:20,IMMSG,CF403,20231204,20231201,21:00:20,0,14955.000,730,13,10920800.000,194480.000,0.000,0.000,0.000,0.000,14960.000,14950.000,0.000,0.000,0.000,0.000,0,0,0,0,37,66,0,0,0,0,229070.000,16195.000,13795.000
20231201_21:00:20,IMMSG,CF405,20231204,20231201,21:00:20,0,14895.000,5099,74,75975100.000,1102600.000,0.000,0.000,0.000,0.000,14895.000,14890.000,0.000,0.000,0.000,0.000,0,0,0,0,35,61,0,0,0,0,499367.000,16125.000,13735.000
20231201_21:00:20,IMMSG,CF407,20231204,20231201,21:00:20,0,14895.000,57,1,849870.000,14910.000,0.000,0.000,0.000,0.000,14900.000,14890.000,0.000,0.000,0.000,0.000,0,0,0,0,18,21,0,0,0,0,23816.000,15820.000,14020.000
20231201_21:00:20,IMMSG,CF409,20231204,20231201,21:00:20,0,15030.000,235,2,3533225.000,30070.000,0.000,0.000,0.000,0.000,15035.000,15030.000,0.000,0.000,0.000,0.000,0,0,0,0,12,4,0,0,0,0,40137.000,15975.000,14165.000
20231201_21:00:20,IMMSG,CY401,20231204,20231201,21:00:20,0,20785.000,49,1,1017240.000,20760.000,0.000,0.000,0.000,0.000,20795.000,20780.000,0.000,0.000,0.000,0.000,0,0,0,0,4,2,0,0,0,0,3589.000,22020.000,19520.000
20231201_21:00:20,IMMSG,CY404,20231204,20231201,21:00:20,0,21000.000,0,0,0.000,0.000,0.000,0.000,0.000,0.000,21810.000,20000.000,0.000,0.000,0.000,0.000,0,0,0,0,1,1,0,0,0,0,1.000,22260.000,19740.000
20231201_21:00:20,IMMSG,CY405,20231204,20231201,21:00:20,0,20865.000,1,0,20865.000,0.000,0.000,0.000,0.000,0.000,20950.000,20890.000,0.000,0.000,0.000,0.000,0,0,0,0,1,1,0,0,0,0,671.000,22200.000,19680.000
20231201_21:00:20,IMMSG,CY406,20231204,20231201,21:00:20,0,21130.000,0,0,0.000,0.000,0.000,0.000,0.000,0.000,22010.000,20180.000,0.000,0.000,0.000,0.000,0,0,0,0,1,1,0,0,0,0,0.000,22400.000,19860.000
20231201_21:00:20,IMMSG,CY409,20231204,20231201,21:00:20,0,21425.000,0,0,0.000,0.000,0.000,0.000,0.000,0.000,22315.000,21365.000,0.000,0.000,0.000,0.000,0,0,0,0,1,1,0,0,0,0,8.000,22785.000,20205.000
20231201_21:00:20,IMMSG,FG312,20231204,20231201,21:00:20,0,1919.000,0,0,0.000,0.000,0.000,0.000,0.000,0.000,1934.000,1918.000,0.000,0.000,0.000,0.000,0,0,0,0,20,8,0,0,0,0,4505.000,2015.000,1647.000
20231201_21:00:20,IMMSG,FG401,20231204,20231201,21:00:20,0,1923.000,12588,266,24206724.000,511518.000,0.000,0.000,0.000,0.000,1924.000,1923.000,0.000,0.000,0.000,0.000,0,0,0,0,117,8,0,0,0,0,612084.000,2034.000,1664.000
20231201_21:00:21,IMMSG,FG402,20231204,20231201,21:00:20,0,1916.000,462,0,882882.000,0.000,0.000,0.000,0.000,0.000,1915.000,1913.000,0.000,0.000,0.000,0.000,0,0,0,0,1,1,0,0,0,0,187002.000,2039.000,1667.000
20231201_21:00:21,IMMSG,FG403,20231204,20231201,21:00:20,0,1914.000,201,1,382302.000,1902.000,0.000,0.000,0.000,0.000,1914.000,1910.000,0.000,0.000,0.000,0.000,0,0,0,0,1,2,0,0,0,0,17653.000,2046.000,1674.000
20231201_21:00:21,IMMSG,FG404,20231204,20231201,21:00:20,0,1924.000,8,0,15352.000,0.000,0.000,0.000,0.000,0.000,1924.000,1921.000,0.000,0.000,0.000,0.000,0,0,0,0,1,1,0,0,0,0,20324.000,2075.000,1697.000
20231201_21:00:21,IMMSG,FG405,20231204,20231201,21:00:20,0,1915.000,3242,38,6198704.000,72656.000,0.000,0.000,0.000,0.000,1916.000,1915.000,0.000,0.000,0.000,0.000,0,0,0,0,48,9,0,0,0,0,533599.000,2061.000,1685.000
20231201_21:00:21,IMMSG,FG406,20231204,20231201,21:00:20,0,1895.000,0,0,0.000,0.000,0.000,0.000,0.000,0.000,1904.000,1900.000,0.000,0.000,0.000,0.000,0,0,0,0,1,1,0,0,0,0,7694.000,2052.000,1678.000
20231201_21:00:21,IMMSG,FG409,20231204,20231201,21:00:20,0,1859.000,166,0,308262.000,0.000,0.000,0.000,0.000,0.000,1859.000,1857.000,0.000,0.000,0.000,0.000,0,0,0,0,2,4,0,0,0,0,41376.000,2005.000,1639.000
20231201_21:00:21,IMMSG,MA312,20231204,20231201,21:00:20,0,2505.000,0,0,0.000,0.000,0.000,0.000,0.000,0.000,2570.000,2484.000,0.000,0.000,0.000,0.000,0,0,0,0,8,36,0,0,0,0,5387.000,2671.000,2321.000
20231201_21:00:21,IMMSG,MA401,20231204,20231201,21:00:20,0,2491.000,10375,377,25854500.000,939484.000,0.000,0.000,0.000,0.000,2491.000,2489.000,0.000,0.000,0.000,0.000,0,0,0,0,49,41,0,0,0,0,793737.000,2685.000,2287.000
20231201_21:00:21,IMMSG,MA402,20231204,20231201,21:00:20,0,2492.000,402,21,1002186.000,52353.000,0.000,0.000,0.000,0.000,2493.000,2491.000,0.000,0.000,0.000,0.000,0,0,0,0,22,6,0,0,0,0,340059.000,2664.000,2314.000
20231201_21:00:21,IMMSG,MA403,20231204,20231201,21:00:20,0,2494.000,48,4,119712.000,9976.000,0.000,0.000,0.000,0.000,2496.000,2492.000,0.000,0.000,0.000,0.000,0,0,0,0,33,1,0,0,0,0,5362.000,2665.000,2315.000
20231201_21:00:21,IMMSG,MA404,20231204,20231201,21:00:20,0,2494.000,0,0,0.000,0.000,0.000,0.000,0.000,0.000,2492.000,2488.000,0.000,0.000,0.000,0.000,0,0,0,0,1,2,0,0,0,0,4976.000,2654.000,2306.000
20231201_21:00:21,IMMSG,MA405,20231204,20231201,21:00:20,0,2483.000,2577,22,6401268.000,54648.000,0.000,0.000,0.000,0.000,2483.000,2481.000,0.000,0.000,0.000,0.000,0,0,0,0,27,16,0,0,0,0,608818.000,2644.000,2298.000
20231201_21:00:21,IMMSG,MA406,20231204,20231201,21:00:20,0,2494.000,0,0,0.000,0.000,0.000,0.000,0.000,0.000,2489.000,2486.000,0.000,0.000,0.000,0.000,0,0,0,0,1,3,0,0,0,0,11859.000,2654.000,2306.000
20231201_21:00:21,IMMSG,MA407,20231204,20231201,21:00:20,0,2478.000,2,0,4958.000,0.000,0.000,0.000,0.000,0.000,2480.000,2477.000,0.000,0.000,0.000,0.000,0,0,0,0,4,1,0,0,0,0,5927.000,2643.000,2297.000
20231201_21:00:21,IMMSG,MA408,20231204,20231201,21:00:20,0,2486.000,0,0,0.000,0.000,0.000,0.000,0.000,0.000,2483.000,2480.000,0.000,0.000,0.000,0.000,0,0,0,0,2,1,0,0,0,0,8960.000,2642.000,2296.000
20231201_21:00:21,IMMSG,MA409,20231204,20231201,21:00:20,0,2461.000,518,0,1277388.000,0.000,0.000,0.000,0.000,0.000,2465.000,2461.000,0.000,0.000,0.000,0.000,0,0,0,0,1,2,0,0,0,0,11148.000,2623.000,2279.000
20231201_21:00:21,IMMSG,OI401,20231204,20231201,21:00:20,0,8455.000,4495,133,37973760.000,1123584.000,0.000,0.000,0.000,0.000,8456.000,8455.000,0.000,0.000,0.000,0.000,0,0,0,0,8,4,0,0,0,0,206004.000,9230.000,7862.000
20231201_21:00:21,IMMSG,OI403,20231204,20231201,21:00:20,0,8412.000,826,9,6941704.000,75636.000,0.000,0.000,0.000,0.000,8413.000,8411.000,0.000,0.000,0.000,0.000,0,0,0,0,10,3,0,0,0,0,305090.000,9197.000,7833.000
20231201_21:00:21,IMMSG,OI405,20231204,20231201,21:00:20,0,8420.000,803,16,6756442.000,134624.000,0.000,0.000,0.000,0.000,8421.000,8420.000,0.000,0.000,0.000,0.000,0,0,0,0,1,5,0,0,0,0,131996.000,9185.000,7823.000
20231201_21:00:21,IMMSG,OI407,20231204,20231201,21:00:20,0,8417.000,53,0,445995.000,0.000,0.000,0.000,0.000,0.000,8418.000,8416.000,0.000,0.000,0.000,0.000,0,0,0,0,1,1,0,0,0,0,17232.000,9205.000,7841.000
20231201_21:00:21,IMMSG,OI409,20231204,20231201,21:00:20,0,8380.000,15,0,125730.000,0.000,0.000,0.000,0.000,0.000,8390.000,8387.000,0.000,0.000,0.000,0.000,0,0,0,0,1,1,0,0,0,0,2886.000,9169.000,7809.000
20231201_21:00:21,IMMSG,PF401,20231204,20231201,21:00:20,0,7144.000,433,0,3090754.000,0.000,0.000,0.000,0.000,0.000,7152.000,7148.000,0.000,0.000,0.000,0.000,0,0,0,0,3,1,0,0,0,0,48095.000,7670.000,6666.000
20231201_21:00:21,IMMSG,PF402,20231204,20231201,21:00:20,0,7184.000,2549,61,18301820.000,437980.000,0.000,0.000,0.000,0.000,7186.000,7184.000,0.000,0.000,0.000,0.000,0,0,0,0,36,50,0,0,0,0,397271.000,7708.000,6696.000
20231201_21:00:21,IMMSG,PF403,20231204,20231201,21:00:20,0,7198.000,657,15,4727772.000,107940.000,0.000,0.000,0.000,0.000,7200.000,7198.000,0.000,0.000,0.000,0.000,0,0,0,0,5,8,0,0,0,0,286813.000,7724.000,6712.000
20231201_21:00:21,IMMSG,PF404,20231204,20231201,21:00:20,0,7188.000,0,0,0.000,0.000,0.000,0.000,0.000,0.000,7208.000,7204.000,0.000,0.000,0.000,0.000,0,0,0,0,5,1,0,0,0,0,2486.000,7714.000,6702.000
20231201_21:00:21,IMMSG,PF405,20231204,20231201,21:00:20,0,7208.000,29,8,208974.000,57648.000,0.000,0.000,0.000,0.000,7208.000,7206.000,0.000,0.000,0.000,0.000,0,0,0,0,6,2,0,0,0,0,6803.000,7716.000,6704.000
20231201_21:00:21,IMMSG,PF411,20231204,20231201,21:00:20,0,7316.000,0,0,0.000,0.000,0.000,0.000,0.000,0.000,7338.000,7154.000,0.000,0.000,0.000,0.000,0,0,0,0,1,1,0,0,0,0,7.000,7852.000,6824.000
20231201_21:00:21,IMMSG,PX405,20231204,20231201,21:00:20,0,8326.000,609,12,5072970.000,99960.000,0.000,0.000,0.000,0.000,8330.000,8328.000,0.000,0.000,0.000,0.000,0,0,0,0,10,7,0,0,0,0,67068.000,9216.000,7540.000
20231201_21:00:21,IMMSG,PX406,20231204,20231201,21:00:20,0,8324.000,0,0,0.000,0.000,0.000,0.000,0.000,0.000,8330.000,8312.000,0.000,0.000,0.000,0.000,0,0,0,0,2,3,0,0,0,0,2138.000,9248.000,7564.000
20231201_21:00:21,IMMSG,PX407,20231204,20231201,21:00:20,0,8246.000,0,0,0.000,0.000,0.000,0.000,0.000,0.000,8300.000,8264.000,0.000,0.000,0.000,0.000,0,0,0,0,2,1,0,0,0,0,92.000,9130.000,7470.000
20231201_21:00:21,IMMSG,PX408,20231204,20231201,21:00:20,0,8388.000,0,0,0.000,0.000,0.000,0.000,0.000,0.000,8294.000,8214.000,0.000,0.000,0.000,0.000,0,0,0,0,1,2,0,0,0,0,59.000,9228.000,7548.000
20231201_21:00:21,IMMSG,PX409,20231204,20231201,21:00:20,0,8240.000,0,0,0.000,0.000,0.000,0.000,0.000,0.000,8246.000,8236.000,0.000,0.000,0.000,0.000,0,0,0,0,1,7,0,0,0,0,6040.000,9054.000,7406.000
20231201_21:00:21,IMMSG,PX410,20231204,20231201,21:00:20,0,8312.000,0,0,0.000,0.000,0.000,0.000,0.000,0.000,8498.000,8082.000,0.000,0.000,0.000,0.000,0,0,0,0,1,1,0,0,0,0,2.000,9144.000,7480.000
20231201_21:00:21,IMMSG,PX411,20231204,20231201,21:00:20,0,8302.000,0,0,0.000,0.000,0.000,0.000,0.000,0.000,8546.000,7930.000,0.000,0.000,0.000,0.000,0,0,0,0,1,2,0,0,0,0,4.000,9226.000,7546.000
20231201_21:00:21,IMMSG,RM401,20231204,20231201,21:00:20,0,2756.000,3761,9,10361555.000,24795.000,0.000,0.000,0.000,0.000,2756.000,2755.000,0.000,0.000,0.000,0.000,0,0,0,0,53,66,0,0,0,0,396729.000,3014.000,2566.000
20231201_21:00:21,IMMSG,RM403,20231204,20231201,21:00:20,0,2762.000,2560,43,7063040.000,118637.000,0.000,0.000,0.000,0.000,2762.000,2761.000,0.000,0.000,0.000,0.000,0,0,0,0,63,6,0,0,0,0,685230.000,3020.000,2572.000
20231201_21:00:21,IMMSG,RM405,20231204,20231201,21:00:20,0,2757.000,1160,9,3196960.000,24804.000,0.000,0.000,0.000,0.000,2758.000,2757.000,0.000,0.000,0.000,0.000,0,0,0,0,22,5,0,0,0,0,319957.000,3007.000,2561.000
20231201_21:00:21,IMMSG,RM408,20231204,20231201,21:00:20,0,2813.000,26,0,73164.000,0.000,0.000,0.000,0.000,0.000,2815.000,2813.000,0.000,0.000,0.000,0.000,0,0,0,0,5,1,0,0,0,0,4888.000,3066.000,2610.000
20231201_21:00:21,IMMSG,RM409,20231204,20231201,21:00:20,0,2776.000,431,0,1196025.000,0.000,0.000,0.000,0.000,0.000,2777.000,2776.000,0.000,0.000,0.000,0.000,0,0,0,0,4,8,0,0,0,0,46204.000,3027.000,2577.000
20231201_21:00:21,IMMSG,RM411,20231204,20231201,21:00:20,0,2702.000,3,0,8106.000,0.000,0.000,0.000,0.000,0.000,2703.000,2701.000,0.000,0.000,0.000,0.000,0,0,0,0,1,13,0,0,0,0,4455.000,2940.000,2504.000
20231201_21:00:21,IMMSG,SA312,20231204,20231201,21:00:20,0,2836.000,0,0,0.000,0.000,0.000,0.000,0.000,0.000,2998.000,2800.000,0.000,0.000,0.000,0.000,0,0,0,0,5,50,0,0,0,0,1440.000,3113.000,2547.000
20231201_21:00:21,IMMSG,SA401,20231204,20231201,21:00:20,0,2544.000,9345,144,23783025.000,366480.000,0.000,0.000,0.000,0.000,2545.000,2544.000,0.000,0.000,0.000,0.000,0,0,0,0,111,48,0,0,0,0,576863.000,2706.000,2214.000
20231201_21:00:21,IMMSG,SA402,20231204,20231201,21:00:20,0,2344.000,396,0,926244.000,0.000,0.000,0.000,0.000,0.000,2346.000,2344.000,0.000,0.000,0.000,0.000,0,0,0,0,1,13,0,0,0,0,27987.000,2519.000,2061.000
20231201_21:00:21,IMMSG,SA403,20231204,20231201,21:00:20,0,2213.000,267,1,587934.000,2202.000,0.000,0.000,0.000,0.000,2215.000,2212.000,0.000,0.000,0.000,0.000,0,0,0,0,2,1,0,0,0,0,28743.000,2386.000,1952.000
20231201_21:00:21,IMMSG,SA404,20231204,20231201,21:00:20,0,2131.000,42,0,89166.000,0.000,0.000,0.000,0.000,0.000,2133.000,2130.000,0.000,0.000,0.000,0.000,0,0,0,0,1,3,0,0,0,0,7877.000,2294.000,1876.000
20231201_21:00:21,IMMSG,SA405,20231204,20231201,21:00:20,0,2066.000,6973,140,14385299.000,288820.000,0.000,0.000,0.000,0.000,2067.000,2066.000,0.000,0.000,0.000,0.000,0,0,0,0,23,18,0,0,0,0,348454.000,2215.000,1811.000
20231201_21:00:21,IMMSG,SA406,20231204,20231201,21:00:20,0,2007.000,20,0,40080.000,0.000,0.000,0.000,0.000,0.000,2007.000,2003.000,0.000,0.000,0.000,0.000,0,0,0,0,8,6,0,0,0,0,9088.000,2162.000,1768.000
20231201_21:00:21,IMMSG,SA408,20231204,20231201,21:00:20,0,1937.000,23,0,44436.000,0.000,0.000,0.000,0.000,0.000,1939.000,1934.000,0.000,0.000,0.000,0.000,0,0,0,0,1,1,0,0,0,0,11689.000,2094.000,1712.000
20231201_21:00:21,IMMSG,SA409,20231204,20231201,21:00:20,0,1917.000,389,12,743768.000,22944.000,0.000,0.000,0.000,0.000,1917.000,1914.000,0.000,0.000,0.000,0.000,0,0,0,0,5,21,0,0,0,0,55144.000,2068.000,1692.000
20231201_21:00:21,IMMSG,SH405,20231204,20231201,21:00:20,0,2654.000,2191,8,5814914.000,21232.000,0.000,0.000,0.000,0.000,2654.000,2653.000,0.000,0.000,0.000,0.000,0,0,0,0,14,3,0,0,0,0,47719.000,2931.000,2397.000
20231201_21:00:21,IMMSG,SH406,20231204,20231201,21:00:20,0,2656.000,1,0,2656.000,0.000,0.000,0.000,0.000,0.000,2658.000,2655.000,0.000,0.000,0.000,0.000,0,0,0,0,1,1,0,0,0,0,311.000,2931.000,2397.000
20231201_21:00:21,IMMSG,SH407,20231204,20231201,21:00:20,0,2678.000,0,0,0.000,0.000,0.000,0.000,0.000,0.000,2659.000,2656.000,0.000,0.000,0.000,0.000,0,0,0,0,1,2,0,0,0,0,184.000,2933.000,2399.000
20231201_21:00:21,IMMSG,SH408,20231204,20231201,21:00:20,0,2691.000,0,0,0.000,0.000,0.000,0.000,0.000,0.000,2682.000,2672.000,0.000,0.000,0.000,0.000,0,0,0,0,1,1,0,0,0,0,173.000,2957.000,2419.000
20231201_21:00:21,IMMSG,SH409,20231204,20231201,21:00:20,0,2681.000,7,0,18711.000,0.000,0.000,0.000,0.000,0.000,2675.000,2672.000,0.000,0.000,0.000,0.000,0,0,0,0,1,1,0,0,0,0,2213.000,2955.000,2417.000
20231201_21:00:21,IMMSG,SH410,20231204,20231201,21:00:20,0,2687.000,0,0,0.000,0.000,0.000,0.000,0.000,0.000,2694.000,2676.000,0.000,0.000,0.000,0.000,0,0,0,0,1,1,0,0,0,0,4.000,2956.000,2418.000
20231201_21:00:21,IMMSG,SR401,20231204,20231201,21:00:20,0,6602.000,6850,106,45285350.000,700766.000,0.000,0.000,0.000,0.000,6602.000,6601.000,0.000,0.000,0.000,0.000,0,0,0,0,41,23,0,0,0,0,342393.000,7061.000,6261.000
20231201_21:00:21,IMMSG,SR403,20231204,20231201,21:00:20,0,6525.000,1863,15,12165390.000,97950.000,0.000,0.000,0.000,0.000,6526.000,6524.000,0.000,0.000,0.000,0.000,0,0,0,0,64,12,0,0,0,0,360023.000,6967.000,6177.000
20231201_21:00:21,IMMSG,SR405,20231204,20231201,21:00:20,0,6486.000,3247,72,21066536.000,467136.000,0.000,0.000,0.000,0.000,6486.000,6485.000,0.000,0.000,0.000,0.000,0,0,0,0,71,4,0,0,0,0,353275.000,6941.000,6155.000
20231201_21:00:21,IMMSG,SR407,20231204,20231201,21:00:20,0,6466.000,43,1,278210.000,6470.000,0.000,0.000,0.000,0.000,6467.000,6465.000,0.000,0.000,0.000,0.000,0,0,0,0,1,2,0,0,0,0,6031.000,6922.000,6138.000
20231201_21:00:21,IMMSG,SR409,20231204,20231201,21:00:20,0,6446.000,94,2,606300.000,12900.000,0.000,0.000,0.000,0.000,6447.000,6445.000,0.000,0.000,0.000,0.000,0,0,0,0,3,1,0,0,0,0,18180.000,6895.000,6113.000
20231201_21:00:21,IMMSG,SR411,20231204,20231201,21:00:20,0,6397.000,6,0,38604.000,0.000,0.000,0.000,0.000,0.000,6394.000,6376.000,0.000,0.000,0.000,0.000,0,0,0,0,1,1,0,0,0,0,245.000,6837.000,6063.000
20231201_21:00:21,IMMSG,TA312,20231204,20231201,21:00:20,0,5648.000,0,0,0.000,0.000,0.000,0.000,0.000,0.000,5672.000,5652.000,0.000,0.000,0.000,0.000,0,0,0,0,143,115,0,0,0,0,47321.000,6068.000,5380.000
20231201_21:00:21,IMMSG,TA401,20231204,20231201,21:00:20,0,5674.000,10200,155,57813600.000,878540.000,0.000,0.000,0.000,0.000,5674.000,5672.000,0.000,0.000,0.000,0.000,0,0,0,0,164,115,0,0,0,0,894018.000,6052.000,5364.000
20231201_21:00:21,IMMSG,TA402,20231204,20231201,21:00:20,0,5692.000,2310,40,13134660.000,227440.000,0.000,0.000,0.000,0.000,5692.000,5690.000,0.000,0.000,0.000,0.000,0,0,0,0,2,158,0,0,0,0,665844.000,6062.000,5374.000
20231201_21:00:21,IMMSG,TA403,20231204,20231201,21:00:20,0,5698.000,457,0,2603986.000,0.000,0.000,0.000,0.000,0.000,5700.000,5698.000,0.000,0.000,0.000,0.000,0,0,0,0,1,18,0,0,0,0,43743.000,6080.000,5388.000
20231201_21:00:21,IMMSG,TA405,20231204,20231201,21:00:20,0,5704.000,2782,116,15857400.000,661200.000,0.000,0.000,0.000,0.000,5704.000,5702.000,0.000,0.000,0.000,0.000,0,0,0,0,125,91,0,0,0,0,824067.000,6084.000,5392.000
20231201_21:00:21,IMMSG,TA407,20231204,20231201,21:00:20,0,5706.000,0,0,0.000,0.000,0.000,0.000,0.000,0.000,5710.000,5702.000,0.000,0.000,0.000,0.000,0,0,0,0,101,1,0,0,0,0,8805.000,6102.000,5410.000
20231201_21:00:21,IMMSG,TA408,20231204,20231201,21:00:20,0,5744.000,300,0,1723200.000,0.000,0.000,0.000,0.000,0.000,5700.000,5690.000,0.000,0.000,0.000,0.000,0,0,0,0,1,1,0,0,0,0,8532.000,6090.000,5398.000
20231201_21:00:21,IMMSG,TA409,20231204,20231201,21:00:20,0,5676.000,330,7,1873740.000,39746.000,0.000,0.000,0.000,0.000,5678.000,5676.000,0.000,0.000,0.000,0.000,0,0,0,0,9,1,0,0,0,0,64287.000,6056.000,5368.000
20231201_21:00:21,IMMSG,TA410,20231204,20231201,21:00:20,0,5690.000,0,0,0.000,0.000,0.000,0.000,0.000,0.000,5696.000,5678.000,0.000,0.000,0.000,0.000,0,0,0,0,2,4,0,0,0,0,1232.000,6082.000,5390.000
20231201_21:00:21,IMMSG,TA411,20231204,20231201,21:00:20,0,5686.000,0,0,0.000,0.000,0.000,0.000,0.000,0.000,5696.000,5680.000,0.000,0.000,0.000,0.000,0,0,0,0,1,1,0,0,0,0,42.000,6048.000,5360.000
20231201_21:00:21,IMMSG,a2401,20231204,20231201,21:00:20,273,4999.000,2772,11,138641860.000,549910.000,0.000,0.000,0.000,0.000,5000.000,4999.000,0.000,0.000,0.000,0.000,0,0,0,0,29,10,0,0,0,0,123317.000,5311.000,4711.000
20231201_21:00:21,IMMSG,a2403,20231204,20231201,21:00:20,273,5006.000,357,0,17868810.000,0.000,0.000,0.000,0.000,0.000,5008.000,5005.000,0.000,0.000,0.000,0.000,0,0,0,0,28,10,0,0,0,0,39615.000,5312.000,4712.000
20231201_21:00:21,IMMSG,a2405,20231204,20231201,21:00:20,65,5004.000,42,0,2101500.000,0.000,0.000,0.000,0.000,0.000,5007.000,5002.000,0.000,0.000,0.000,0.000,0,0,0,0,4,1,0,0,0,0,16684.000,5315.000,4715.000
20231201_21:00:21,IMMSG,a2407,20231204,20231201,21:00:20,141,4980.000,0,0,0.000,0.000,0.000,0.000,0.000,0.000,4993.000,4981.000,0.000,0.000,0.000,0.000,0,0,0,0,1,8,0,0,0,0,4548.000,5305.000,4705.000
20231201_21:00:21,IMMSG,a2409,20231204,20231201,21:00:20,65,4958.000,0,0,0.000,0.000,0.000,0.000,0.000,0.000,4962.000,4951.000,0.000,0.000,0.000,0.000,0,0,0,0,5,2,0,0,0,0,2137.000,5267.000,4671.000
20231201_21:00:21,IMMSG,b2401,20231204,20231201,21:00:20,282,4301.000,1048,1,45104450.000,43010.000,0.000,0.000,0.000,0.000,4301.000,4300.000,0.000,0.000,0.000,0.000,0,0,0,0,9,15,0,0,0,0,43032.000,4587.000,4069.000
20231201_21:00:21,IMMSG,CY_Index,20231204,20231201,21:00:20,0,20799.725,50,1,1038105.000,20760.000,0.000,0.000,0.000,0.000,0.000,0.000,0.000,0.000,0.000,0.000,0,0,0,0,0,0,0,0,0,0,4273.000,0.000,0.000
20231201_21:00:21,IMMSG,SA_Index,20231204,20231201,21:00:20,0,2322.758,17537,297,40757083.000,680446.000,0.000,0.000,0.000,0.000,0.000,0.000,0.000,0.000,0.000,0.000,0,0,0,0,0,0,0,0,0,0,1080206.000,0.000,0.000
20231201_21:00:21,IMMSG,rb_Index,20231204,20231201,21:00:20,0,3943.298,35750,124,1409270850.000,4894770.000,0.000,0.000,0.000,0.000,0.000,0.000,0.000,0.000,0.000,0.000,0,0,0,0,0,0,0,0,0,0,3276849.000,0.000,0.000
20231201_21:00:21,IMMSG,OI_Index,20231204,20231201,21:00:20,0,8426.929,6192,158,52243631.000,1333844.000,0.000,0.000,0.000,0.000,0.000,0.000,0.000,0.000,0.000,0.000,0,0,0,0,0,0,0,0,0,0,663331.000,0.000,0.000
20231201_21:00:21,IMMSG,eg_Index,20231204,20231201,21:00:19,0,4148.945,7206,49,296827720.000,2019990.000,0.000,0.000,0.000,0.000,0.000,0.000,0.000,0.000,0.000,0.000,0,0,0,0,0,0,0,0,0,0,572878.000,0.000,0.000
20231201_21:00:21,IMMSG,SR_Index,20231204,20231201,21:00:20,0,6534.965,12103,196,79440390.000,1285222.000,0.000,0.000,0.000,0.000,0.000,0.000,0.000,0.000,0.000,0.000,0,0,0,0,0,0,0,0,0,0,1080147.000,0.000,0.000
